{
  "Code": 1,
  "Name": "Товар 1",
  "Cost": 10.539999999999999
}
{
  "Code": 2,
  "Name": "Товар 2",
  "Cost": 454.95999999999998
}
{
  "Code": 3,
  "Name": "Товар 3",
  "Cost": 98.409999999999997
}
{
  "Code": 4,
  "Name": "Товар 4",
  "Cost": 687.21000000000004
}
{
  "Code": 5,
  "Name": "Товар 5",
  "Cost": 687.21000000000004
}
